CREATE DATABASE  IF NOT EXISTS `tccanhembi` /*!40100 DEFAULT CHARACTER SET utf8 */;
USE `tccanhembi`;
-- MySQL dump 10.13  Distrib 5.7.9, for Win64 (x86_64)
--
-- Host: localhost    Database: tccanhembi
-- ------------------------------------------------------
-- Server version	5.7.10-log

/*!40101 SET @OLD_CHARACTER_SET_CLIENT=@@CHARACTER_SET_CLIENT */;
/*!40101 SET @OLD_CHARACTER_SET_RESULTS=@@CHARACTER_SET_RESULTS */;
/*!40101 SET @OLD_COLLATION_CONNECTION=@@COLLATION_CONNECTION */;
/*!40101 SET NAMES utf8 */;
/*!40103 SET @OLD_TIME_ZONE=@@TIME_ZONE */;
/*!40103 SET TIME_ZONE='+00:00' */;
/*!40014 SET @OLD_UNIQUE_CHECKS=@@UNIQUE_CHECKS, UNIQUE_CHECKS=0 */;
/*!40014 SET @OLD_FOREIGN_KEY_CHECKS=@@FOREIGN_KEY_CHECKS, FOREIGN_KEY_CHECKS=0 */;
/*!40101 SET @OLD_SQL_MODE=@@SQL_MODE, SQL_MODE='NO_AUTO_VALUE_ON_ZERO' */;
/*!40111 SET @OLD_SQL_NOTES=@@SQL_NOTES, SQL_NOTES=0 */;

--
-- Table structure for table `tb_dispositivos`
--

DROP TABLE IF EXISTS `tb_dispositivos`;
/*!40101 SET @saved_cs_client     = @@character_set_client */;
/*!40101 SET character_set_client = utf8 */;
CREATE TABLE `tb_dispositivos` (
  `ID_DISPOSITIVO` int(11) NOT NULL AUTO_INCREMENT,
  `MAC_ADRESS` varchar(45) NOT NULL,
  `NM_DISPOSITIVO` varchar(45) DEFAULT NULL,
  PRIMARY KEY (`ID_DISPOSITIVO`)
) ENGINE=InnoDB AUTO_INCREMENT=4 DEFAULT CHARSET=utf8;
/*!40101 SET character_set_client = @saved_cs_client */;

--
-- Dumping data for table `tb_dispositivos`
--

LOCK TABLES `tb_dispositivos` WRITE;
/*!40000 ALTER TABLE `tb_dispositivos` DISABLE KEYS */;
INSERT INTO `tb_dispositivos` VALUES (1,'123456789987654321','NETBEANS'),(2,'',''),(3,'','');
/*!40000 ALTER TABLE `tb_dispositivos` ENABLE KEYS */;
UNLOCK TABLES;

--
-- Table structure for table `tb_dispositivos_has_tb_grupos`
--

DROP TABLE IF EXISTS `tb_dispositivos_has_tb_grupos`;
/*!40101 SET @saved_cs_client     = @@character_set_client */;
/*!40101 SET character_set_client = utf8 */;
CREATE TABLE `tb_dispositivos_has_tb_grupos` (
  `TB_DISPOSITIVOS_ID_DISPOSITIVO` int(11) NOT NULL,
  `TB_GRUPOS_ID_GRUPO` int(11) NOT NULL,
  PRIMARY KEY (`TB_DISPOSITIVOS_ID_DISPOSITIVO`,`TB_GRUPOS_ID_GRUPO`),
  KEY `fk_TB_DISPOSITIVOS_has_TB_GRUPOS_TB_GRUPOS1_idx` (`TB_GRUPOS_ID_GRUPO`),
  KEY `fk_TB_DISPOSITIVOS_has_TB_GRUPOS_TB_DISPOSITIVOS_idx` (`TB_DISPOSITIVOS_ID_DISPOSITIVO`),
  CONSTRAINT `fk_TB_DISPOSITIVOS_has_TB_GRUPOS_TB_DISPOSITIVOS` FOREIGN KEY (`TB_DISPOSITIVOS_ID_DISPOSITIVO`) REFERENCES `tb_dispositivos` (`ID_DISPOSITIVO`) ON DELETE NO ACTION ON UPDATE NO ACTION,
  CONSTRAINT `fk_TB_DISPOSITIVOS_has_TB_GRUPOS_TB_GRUPOS1` FOREIGN KEY (`TB_GRUPOS_ID_GRUPO`) REFERENCES `tb_grupos` (`ID_GRUPO`) ON DELETE NO ACTION ON UPDATE NO ACTION
) ENGINE=InnoDB DEFAULT CHARSET=utf8;
/*!40101 SET character_set_client = @saved_cs_client */;

--
-- Dumping data for table `tb_dispositivos_has_tb_grupos`
--

LOCK TABLES `tb_dispositivos_has_tb_grupos` WRITE;
/*!40000 ALTER TABLE `tb_dispositivos_has_tb_grupos` DISABLE KEYS */;
INSERT INTO `tb_dispositivos_has_tb_grupos` VALUES (1,1),(2,1),(3,1);
/*!40000 ALTER TABLE `tb_dispositivos_has_tb_grupos` ENABLE KEYS */;
UNLOCK TABLES;

--
-- Table structure for table `tb_grupos`
--

DROP TABLE IF EXISTS `tb_grupos`;
/*!40101 SET @saved_cs_client     = @@character_set_client */;
/*!40101 SET character_set_client = utf8 */;
CREATE TABLE `tb_grupos` (
  `ID_GRUPO` int(11) NOT NULL AUTO_INCREMENT,
  `NM_GRUPO` varchar(45) NOT NULL,
  `HR_INICIO_ACESSO` time DEFAULT NULL,
  `HR_FIM_ACESSO` varchar(45) DEFAULT NULL,
  `DT_INICIO_ACESSO` varchar(45) DEFAULT NULL,
  `DT_FIM_ACESSO` varchar(45) DEFAULT NULL,
  PRIMARY KEY (`ID_GRUPO`)
) ENGINE=InnoDB AUTO_INCREMENT=2 DEFAULT CHARSET=utf8;
/*!40101 SET character_set_client = @saved_cs_client */;

--
-- Dumping data for table `tb_grupos`
--

LOCK TABLES `tb_grupos` WRITE;
/*!40000 ALTER TABLE `tb_grupos` DISABLE KEYS */;
INSERT INTO `tb_grupos` VALUES (1,'TESTE','10:00:00','21:00','2016/05/09','2016/05/11');
/*!40000 ALTER TABLE `tb_grupos` ENABLE KEYS */;
UNLOCK TABLES;

--
-- Table structure for table `tb_smartphone`
--

DROP TABLE IF EXISTS `tb_smartphone`;
/*!40101 SET @saved_cs_client     = @@character_set_client */;
/*!40101 SET character_set_client = utf8 */;
CREATE TABLE `tb_smartphone` (
  `ID_SMARTPHONE` int(11) NOT NULL AUTO_INCREMENT,
  `IMEI` varchar(30) NOT NULL,
  `ICCID` varchar(30) NOT NULL,
  `TB_USUARIOS_ID_USUARIO` int(11) NOT NULL,
  PRIMARY KEY (`ID_SMARTPHONE`,`TB_USUARIOS_ID_USUARIO`),
  KEY `fk_TB_SMARTPHONE_TB_USUARIOS1_idx` (`TB_USUARIOS_ID_USUARIO`),
  CONSTRAINT `fk_TB_SMARTPHONE_TB_USUARIOS1` FOREIGN KEY (`TB_USUARIOS_ID_USUARIO`) REFERENCES `tb_usuarios` (`ID_USUARIO`) ON DELETE NO ACTION ON UPDATE NO ACTION
) ENGINE=InnoDB AUTO_INCREMENT=5 DEFAULT CHARSET=utf8;
/*!40101 SET character_set_client = @saved_cs_client */;

--
-- Dumping data for table `tb_smartphone`
--

LOCK TABLES `tb_smartphone` WRITE;
/*!40000 ALTER TABLE `tb_smartphone` DISABLE KEYS */;
INSERT INTO `tb_smartphone` VALUES (1,'89550312000001222984','358975060528917',1),(3,'89550312000001222984','358975060528917',2),(4,'','',3);
/*!40000 ALTER TABLE `tb_smartphone` ENABLE KEYS */;
UNLOCK TABLES;

--
-- Table structure for table `tb_usuarios`
--

DROP TABLE IF EXISTS `tb_usuarios`;
/*!40101 SET @saved_cs_client     = @@character_set_client */;
/*!40101 SET character_set_client = utf8 */;
CREATE TABLE `tb_usuarios` (
  `ID_USUARIO` int(11) NOT NULL AUTO_INCREMENT,
  `NM_USUARIO` varchar(45) DEFAULT NULL,
  `CERTIFICADO` varchar(10000) NOT NULL,
  PRIMARY KEY (`ID_USUARIO`)
) ENGINE=InnoDB AUTO_INCREMENT=11 DEFAULT CHARSET=utf8;
/*!40101 SET character_set_client = @saved_cs_client */;

--
-- Dumping data for table `tb_usuarios`
--

LOCK TABLES `tb_usuarios` WRITE;
/*!40000 ALTER TABLE `tb_usuarios` DISABLE KEYS */;
INSERT INTO `tb_usuarios` VALUES (1,'TIAGO','rO0ABXNyAC1qYXZhLnNlY3VyaXR5LmNlcnQuQ2VydGlmaWNhdGUkQ2VydGlmaWNhdGVSZXCJJ2qdya48DAIAAlsABGRhdGF0AAJbQkwABHR5cGV0ABJMamF2YS9sYW5nL1N0cmluZzt4cHVyAAJbQqzzF_gGCFTgAgAAeHAAAAQaMIIEFjCCAv6gAwIBAgIICDGbU5XH-eUwDQYJKoZIhvcNAQELBQAwFTETMBEGA1UEAwwKdGNjQW5oZW1iaTAeFw0xNjA1MDIwMDAwMDBaFw0xODA1MDIwMDAwMDBaMBUxEzARBgNVBAMMCnRjY0FuaGVtYmkwggEiMA0GCSqGSIb3DQEBAQUAA4IBDwAwggEKAoIBAQCf0bnEgHDx84fqynjp8lDz70tvwGm5O32Yd_Muss6zFKzVtEQ9vYQJfT0eFEojO5mQJhfV9Eh2vFmNqkq_Sy7Xg3s3r8oK1uKLCwf1V4S59FLlb-2jbnZMuUzUQoaiJblK_4EWxN2ocDUHsoc1UURyRyNH646baSQZN3WvPL3lgPvOvk_0PYKzFhYD7gfVdRLPE_fOUkr0TZMLvRCkFmacH-RCJYun9WkfekG4DQC3_CWZW881XdB7zcCKpdPT0XhH7bV5g-MUSXQO7tMCekbyx74gJXwSVGL-ND7IoJFr-TnAJreIuFeekkKXsCE7E70FbX6X0-EV8nKqzehl8USZAgMBAAGjggFoMIIBZDAOBgNVHQ8BAf8EBAMCB4AwHwYDVR0lBBgwFgYIKwYBBQUHAwMGCisGAQQBgjcKAwUwDAYDVR0TAQH_BAIwADA6BglghkgBhvhCAQ0ELRYrQ2VydGlmaWNhdGUgZ2VuZXJhdGVkIHdpdGggU1NMLmNvbSBNYW5hZ2VyLjCBugYDVR0gBIGyMIGvMIGsBggrBgEFBQcDAzCBnzArBggrBgEFBQcCARYfaHR0cDovL3d3dy5zc2x0b29scy5jb20vbWFuYWdlcjBwBggrBgEFBQcCAjBkMBYWD1NTTC5jb20gTWFuYWdlcjADAgEBDEpDZXJ0aWZpY2F0ZSBnZW5lcmF0ZWQgd2l0aCBTU0wuY29tIE1hbmFnZXIuIENsaWNrICJNb3JlIEluZm8iIGZvciBkZXRhaWxzLjAqBgNVHRIEIzAhhh9odHRwOi8vd3d3LnNzbHRvb2xzLmNvbS9tYW5hZ2VyMA0GCSqGSIb3DQEBCwUAA4IBAQA4nNnR9yLQZBC8dZ1VtZTKm7Ak1lej-1I4XNAnE3Pk4nxTe4d2RoIhKJGyar2b07Ewz3YbWy4ohiJgr0t8raO0soosRTzxjVjNxdUGMeABsBl1P02HnW7ovyny0uQTz8sZ6DXZ6DOfPJwyCZJo9Pif5_LJyS_P820i41ZtVWq2S07J8xg4J23NEJczLGWHcpBAcIMEQZZtDsxJlXBU-VQ39pPHXROoMqWTq-KOUzxbLqBKvsA4i6PzObHFni8aOpF_yBfWB-gV-okfNYvevAUv4zou_tBjlh4iJyasA8-Hw5ruRQTrpWWpL6jTyLkiNxFtgm8P7DIr7RogjHZ_KItQdAAFWC41MDk='),(2,'TIAGO','rO0ABXNyAC1qYXZhLnNlY3VyaXR5LmNlcnQuQ2VydGlmaWNhdGUkQ2VydGlmaWNhdGVSZXCJJ2qdya48DAIAAlsABGRhdGF0AAJbQkwABHR5cGV0ABJMamF2YS9sYW5nL1N0cmluZzt4cHVyAAJbQqzzF_gGCFTgAgAAeHAAAAK0MIICsDCCAZigAwIBAgIEYVP8tjANBgkqhkiG9w0BAQUFADAaMRgwFgYDVQQDEw9BbmhlbWJpIE1vcnVtYmkwHhcNMTYwNTA2MDEwMDI0WhcNMTcwNTA2MDEwMDI0WjAaMRgwFgYDVQQDEw9BbmhlbWJpIE1vcnVtYmkwggEiMA0GCSqGSIb3DQEBAQUAA4IBDwAwggEKAoIBAQCSqlIa7fRlhM8MkIV5LL5-xiH65-nWnZ3PIskkixH8WxZLWN3N0vCFnTNl86YTtYPKjNcUd2KtevZTNB-y_ClQpU94EPU87RAQt5QEZFRFFd5XmwvLw4YKzb6FXFT8L5UGM5XbqRJoKLZVPjS8SsEBZi2KMdrmsIlZ8UP7d6QHnM8SyYIGz6vSuGEwvpaLpIhEGrcTtwdqT6-oFvbI1UMxD985JP-YizaOVtoD7IXNHRvI8jhNyMM8TaOKvAMhe7AH4K056xLe0s_KkwF2yAV7mljbFUjD6EgfNIjmHnQYnTYSQJUltBhptmtDXDIWM0BRaf_HoYl7Po34Tm8HZRvjAgMBAAEwDQYJKoZIhvcNAQEFBQADggEBAHB8dGLl2YUwk2rNQVFDzto2u7hlEIMyOHAAemKp4Tc4BIpf6M7VC0OtTUcZpmu0DGSbmM-0SGPIV4ADD35UUHEkl1y8k3S7m5_kOG0g5pEvKGtS6-6MlTN8i3i7MgKvbk5i7VV2TF5-_GBTzmBl4HN-duoC6DeFrtkzB186aKzNxj7oXr-dNQRUVJTnZvJqb5dEmCziNU4PzysXeI3y7OVG4spI_uDa2DIGtu7B9dHY22o3I0RO7RS7aiGZ-pz55FjQKYUHBTOWy8prCDGCk7ggkj9eMB0Bun60_qRm_JDOptf7fyA7MJVBnW9NG-Zyn6LdtRVLETpaujctBKHSpe50AAVYLjUwOQ=='),(3,'Elias','rO0ABXNyAC1qYXZhLnNlY3VyaXR5LmNlcnQuQ2VydGlmaWNhdGUkQ2VydGlmaWNhdGVSZXCJJ2qdya48DAIAAlsABGRhdGF0AAJbQkwABHR5cGV0ABJMamF2YS9sYW5nL1N0cmluZzt4cHVyAAJbQqzzF_gGCFTgAgAAeHAAAAKqMIICpjCCAY6gAwIBAgIEYwAJ2DANBgkqhkiG9w0BAQUFADAVMRMwEQYDVQQDDApjZXJ0X0VsaWFzMB4XDTE2MDUwOTIzMjgzNloXDTE3MDUwOTIzMjgzNlowFTETMBEGA1UEAwwKY2VydF9FbGlhczCCASIwDQYJKoZIhvcNAQEBBQADggEPADCCAQoCggEBAK3n6lOvTv0BJ0ibKrr0cvEHXHF5pqFnfmHGN8U3fFtZJnx_bFh72DFcsyl_fXj3l2xLqPsg7dz7-n71ZnG-KIpaVtaXcy2IEUTlbTdOhlHLQqdnE6200zuGyHnip9_w4-BYyok_ovgY5YrfVSG5fkUOmKX1YD0Lp8_jc-djOrD3zO2tIHflrbTbduFHDjIpec2Y1kKsQFasaSldSE6fWC2qU9BSz7rSyhKQRIknhjRMO0NQNBm0IR5YfeVArv2VgS8H-cVzvQ2M3ldTvzXDx43mJZwgQXA6dI6f9m7j45g5B-aER5z1DVOWBROZRAfT_nO2J3TkMBl8A1s7Yq3lK5UCAwEAATANBgkqhkiG9w0BAQUFAAOCAQEAZCJDSNG7ZDcqNyf74ygIj6LOX9CnzjYWltSEC36TS8gAlnO3JswfBrSAWRU7LycZEFzkm_pmPdYjP-gbDhy9yrCss0x1GrG7UEtix44N81tjjQ59qg62zU8NbZoes8SWu4y-H4dXc3qCJjaqAjOETIafFIIIYDlr8efMIIZM7d610Ki35l2uyrEcsIf5JSGUwP78wyAbaHrEDPwun76BNydHxYqRyysR4RJhzMHyKkDBLnbnOa5lsfqS7QimM7K46GvQsf0A5X4_xfk4avK53Skb1-7PF-UFMQarAaEJ_TWhrKplY_-3YB15t3lXhCKkFrPDJrlkxcHjNMgq3XylDnQABVguNTA5'),(4,'EliasErro','rO0ABXNyAC1qYXZhLnNlY3VyaXR5LmNlcnQuQ2VydGlmaWNhdGUkQ2VydGlmaWNhdGVSZXCJJ2qdya48DAIAAlsABGRhdGF0AAJbQkwABHR5cGV0ABJMamF2YS9sYW5nL1N0cmluZzt4cHVyAAJbQqzzF_gGCFTgAgAAeHAAAAKyMIICrjCCAZagAwIBAgIEZCVYJzANBgkqhkiG9w0BAQUFADAZMRcwFQYDVQQDDA5jZXJ0X0VsaWFzRXJybzAeFw0xNjA1MDkyMzI4NTNaFw0xNzA1MDkyMzI4NTNaMBkxFzAVBgNVBAMMDmNlcnRfRWxpYXNFcnJvMIIBIjANBgkqhkiG9w0BAQEFAAOCAQ8AMIIBCgKCAQEAqpPVKIgsFxQkjakmHgc50jBD40G0ScyoEsVb2xuPEFLdxmVi0quTx2dwYDXEijQLHDh1UoodgmbZuZyn10GaJ-I8l6ged5DfHJx_61TyX0b--f67KKE9g5ZVgNT9I9LmltcUsARMMzXOQ0YuWYNPgwTHQByAM7f8VNJl5Zxrl-Bg1UX3S6g0rJcM7eNel4XeKp5U1dVYN7xhQ3VSSQsFQj2rL-_XzD24vV56uQIEDSpUzx2yRIz4DgjAF9164FpCawkWnHm7q-9QNCBXfr8YnfUWzEY-8m55YCSu64DinyRLDwiejLlE9gkmJKF_TDQvfagUoGrEhOrZDltLhFM3gwIDAQABMA0GCSqGSIb3DQEBBQUAA4IBAQAUts7UCqbjXBbMjpCFhZgeZs1K759M8gE9-m1fgLqySZCyecp4rbb2vbvj11JSQ0-VzwUKLj7f_BKRCtDI2mRLtNtq2z-RV0PypJvhgdAjpk1aQY0zemmF42QUIONNh0rynNJpjf1afUB8cUYg2OpIC5hefrHdQJOK8XHiZZare7Kv-C2GxQK3KUlr6yhLw9e8wEtKNO3sALQtmnwaRyeeLgxhQGBPkf3UN_hIpiYWK9Tn_0itr0J7pIuPI-FJyZDWGScMFKmkz_Hy_CQsQLloQrxDGITY3hCFDACMuqs5LrBtwn6QgU5TTWHVd9l0rhQTZ0RW_n6rmzUyvTlEvL6idAAFWC41MDk='),(5,'UsuárioEmail','rO0ABXNyAC1qYXZhLnNlY3VyaXR5LmNlcnQuQ2VydGlmaWNhdGUkQ2VydGlmaWNhdGVSZXCJJ2qdya48DAIAAlsABGRhdGF0AAJbQkwABHR5cGV0ABJMamF2YS9sYW5nL1N0cmluZzt4cHVyAAJbQqzzF_gGCFTgAgAAeHAAAAK6MIICtjCCAZ6gAwIBAgIEJPBqZzANBgkqhkiG9w0BAQUFADAdMRswGQYDVQQDDBJjZXJ0X1VzdcOhcmlvRW1haWwwHhcNMTYwNTExMDIxNjI3WhcNMTcwNTExMDIxNjI3WjAdMRswGQYDVQQDDBJjZXJ0X1VzdcOhcmlvRW1haWwwggEiMA0GCSqGSIb3DQEBAQUAA4IBDwAwggEKAoIBAQCQK2RKUVAATXMeBlGTlMe6GEBtVp8Xwu6sdXHsoae5_dNVGka7qqPJvwKMhCLZCbNYuNXOJXEvfxy65nH3NffuNR-Vv_flHYEpF-TkJGyWxOxGezi23RcJ8TgTx4YXmJxVwyXELBEokXBz3ERbSD07Gu-mMbS4x9QaJ5ezLCyo4X6kr71ozFwxtjogmyC1b1DnCU7RPwyDInCVQANOmORtLNY3Yx9f459KCCO-EEDV0Sb9LwI1fitwOWH-cr18w1qLsJwA4zTFSYopLwKJWNyLBAizqRvB0KiSSUYUJfva23N7EmiZs3AIF0YyeRUZd9z9AgJANMLkUraxZJH6oQvzAgMBAAEwDQYJKoZIhvcNAQEFBQADggEBAHvkbyVAntTaxOaKglcv5F06ze2Xg7sEY0dYqUsBlnIAHDZqdRKUZ8VzjbiNrH72sgkcttJpM0w97wBpYs5p2--jzSyL71l7Yixxt91TqUabWN3gTWKRuuY9cdRGGbtiMxSmZXZGHWwPFl1zx0XMF-2cVFlOjDICU4ZW7iub-YyBdTTg_XOxuFV0TQiuyG-lUq86MQc33V_7iPZQ2QdaOQOdFy_r7pR6tE9Fjm-QGUymj6r_DtJcj16I_nLDi8DuHkspjCxavGNiMwF2HrcMjZzIWWjtz--3xxbEKF_NbQJJJLMm4j3xG-dMbeT41Jnr6WvwiN8hGiDNMbeb7d7zXSV0AAVYLjUwOQ=='),(6,'TiagoNovo','rO0ABXNyAC1qYXZhLnNlY3VyaXR5LmNlcnQuQ2VydGlmaWNhdGUkQ2VydGlmaWNhdGVSZXCJJ2qdya48DAIAAlsABGRhdGF0AAJbQkwABHR5cGV0ABJMamF2YS9sYW5nL1N0cmluZzt4cHVyAAJbQqzzF_gGCFTgAgAAeHAAAAKyMIICrjCCAZagAwIBAgIEdvZtqTANBgkqhkiG9w0BAQUFADAZMRcwFQYDVQQDDA5jZXJ0X1RpYWdvTm92bzAeFw0xNjA1MTEwMjU0MDRaFw0xNzA1MTEwMjU0MDRaMBkxFzAVBgNVBAMMDmNlcnRfVGlhZ29Ob3ZvMIIBIjANBgkqhkiG9w0BAQEFAAOCAQ8AMIIBCgKCAQEAwxQwZJl-Smff8ZEFta6h8nUW9vMDSaAPo_0wTMLmLKiWXopZpWtamM6ug4gSaSKd0PnzA47nZIBg9pj0h874iAyR68qjtNlqXZjlceXWVB3BdVRQ-A1rRHhmG12TpLs1rJo1cGUI1z7qdqNPBf9p0VFT5xYbeaq5hhaMRmzd5hS56NnyAGctefnqpjJLY2qgEICyaXvesO5ai7Sr9RRBAWKe890bnWcObZF2wvp4gmVach1YoejbjtQrliuF5GeX4hXx1eA5VUhqxrjn6kqYi2cTHzLmrPJ27jkhTHAaBRiBW-blFre_GIDxUTlPmEjyvpHXqC-58WgVVXc4nev_5QIDAQABMA0GCSqGSIb3DQEBBQUAA4IBAQCSw1bDkjD8CxMYGZgw2WldBia_JF9_cY06IwCM-K02ofsnFiplWxusL-gGnfp9uRitOUBeIPqq5GQxPM5gk8uVt0Eiq0PKcUHk4wcczi1yzVgzAc4iyZ5bI8vUfQM6CYns2S6C1d4FnkYgOzDJDNwLqT2j0DfgMZFxdTFr_4bhKp6uKbXoMInH4XQ2HlWrQvU0FwTPpo6h36BfqQ0TQyqv4Zr21SzbtmKCqOZSmuQXp_nx6xKYxJQZ4kaXABrJSNYHc-UYmLJTXxiKsI9X1jZHxEu8ts8pYyR5lqQ05s2wMWMaTKC17QhgxYfhih3sGSxzYxZ4W3TPaligeCIEp5qHdAAFWC41MDk='),(7,'NovoTeste','rO0ABXNyAC1qYXZhLnNlY3VyaXR5LmNlcnQuQ2VydGlmaWNhdGUkQ2VydGlmaWNhdGVSZXCJJ2qdya48DAIAAlsABGRhdGF0AAJbQkwABHR5cGV0ABJMamF2YS9sYW5nL1N0cmluZzt4cHVyAAJbQqzzF_gGCFTgAgAAeHAAAALMMIICyDCCAbCgAwIBAgIETnd7aDANBgkqhkiG9w0BAQUFADAmMSQwIgYDVQQDExtBbmhlbWJpIE1vcnVtYmkgLSBOb3ZvVGVzdGUwHhcNMTYwNTExMDMwNDA0WhcNMTcwNTExMDMwNDA0WjAmMSQwIgYDVQQDExtBbmhlbWJpIE1vcnVtYmkgLSBOb3ZvVGVzdGUwggEiMA0GCSqGSIb3DQEBAQUAA4IBDwAwggEKAoIBAQC9AZfEuqgJGyaHv1SK6a7laricwKlJlKCnA9_WODzFk2vys0-iuk-EAQkvYIghx2uNlhvvYh_o_8uDqaieHwE2q7XLvKQGR-uYo1WRNYJDtQ6ljGTlZNL5-opZvbT1_mRQoZKHpyWgcKv3lTYVWte3sdtu8xoBk3AZoItt4azMtqgerfwycgYhtGAWHhVY_vUSLyRXTgcFwDakCFwMsQQWarQje5NjIxfMOwi0jjG2h_2E3nhXBj54JkllZF5J_QJkm2bzH23XhBIiJuM4ltIYB9KEYqdghttWY6skC0pGRfent2dMG0fxXxoRFgm8xYE2zmbxX94sn3U5QG5dEmBjAgMBAAEwDQYJKoZIhvcNAQEFBQADggEBAKcTB93OiQ9lQ9vEdDlUH1G1K66tk1HoFjWar-KMsQENJ_I3ZaJa38LuNvUKL1QqGrdOORQVk2yVOmH33jJtss_xBIxhLyzqZpDgZknznGh5ZB8jBf7fipJ0M5wTzNDAW-sWi3pwXdtfxMJzux6HGs9yisY4U011GXLR9WNhptIBXBn9_wsqQQptO9OwIgyqH0ZS8hiFAifQ7XaAmJZgetVqSFJ9VJSPm79LqIPZNhfyUvfxR4L6nuxjrt97zqRDSl3m4bPtYIkWql_mAEkzCUa3OfS-he5P2d-ZV6-DBpj2OqupWVs1Ofi47us88RPsVGl2yLHTpt6tTSGXcg6j-Lt0AAVYLjUwOQ=='),(8,'Envio','rO0ABXNyAC1qYXZhLnNlY3VyaXR5LmNlcnQuQ2VydGlmaWNhdGUkQ2VydGlmaWNhdGVSZXCJJ2qdya48DAIAAlsABGRhdGF0AAJbQkwABHR5cGV0ABJMamF2YS9sYW5nL1N0cmluZzt4cHVyAAJbQqzzF_gGCFTgAgAAeHAAAALEMIICwDCCAaigAwIBAgIEe_BdZzANBgkqhkiG9w0BAQUFADAiMSAwHgYDVQQDExdBbmhlbWJpIE1vcnVtYmkgLSBFbnZpbzAeFw0xNjA1MTEwMzA2MThaFw0xNzA1MTEwMzA2MThaMCIxIDAeBgNVBAMTF0FuaGVtYmkgTW9ydW1iaSAtIEVudmlvMIIBIjANBgkqhkiG9w0BAQEFAAOCAQ8AMIIBCgKCAQEAzuLfGAsVz5xcFXj-g48dve2SnmIAUK6fP-NFFgESMO148xvf8Dfi2WWdhPv_4XGCi34zNXHHXI_mpgOj1nx1cr3Wt6a-KKEGkvC-7jpU5ivLw4sYNDK-QnsNUwQPJ5hxj_Y725PbdC3wsNx0618HyuMeN7bl-vPn0bTnY5qISBiXwBzenu9wzBgjds0RJWYVu8cKwiKTs4FU4bPhlXrthtcWHBUOjx6ENbwCQjsmM1ygk_7g6BRJI4N_YI_WWfoHFl1AMCq4ypXaXSoFJHHQjAaxIGlA6OTMwMqTmC-ywgyaIFjh1HrR43e_BEIrYbbhh9SZlAfqW1uBiukUaDJJEwIDAQABMA0GCSqGSIb3DQEBBQUAA4IBAQBS2iHjpNKQ2CDBByz9nOQZbYpuwbIov9wMEWJZ2QDrozPWmz4vGqmpvRT744AD6o4LQfajWmS6cl8KTkPuf9ngR-Vz3QHxJ1huw-m6q9FknlpBfREx04i31r3k0AdwDv1NUj8YSSv5JZdf_MHHuKoLW3VC86BnPria9KS0MInbcBT7i5e0xz9kNUfot6w1GIjLUIWqqDwgSYq9xSGSVzBWK7sGbIfhhx2sr___QijM4D39lT6bnkXRGRV9zrADNhsSHObDGpkUj73TUCUSLxzQG2tGljsV_C_-Yxkv-TDbJ1Dw5OKd3EfWUGt5G5sF04NHaYhL7J4oQfOMh8Zv_wB_dAAFWC41MDk='),(9,'NewUser','rO0ABXNyAC1qYXZhLnNlY3VyaXR5LmNlcnQuQ2VydGlmaWNhdGUkQ2VydGlmaWNhdGVSZXCJJ2qdya48DAIAAlsABGRhdGF0AAJbQkwABHR5cGV0ABJMamF2YS9sYW5nL1N0cmluZzt4cHVyAAJbQqzzF_gGCFTgAgAAeHAAAALIMIICxDCCAaygAwIBAgIEaSWZ-TANBgkqhkiG9w0BAQUFADAkMSIwIAYDVQQDExlBbmhlbWJpIE1vcnVtYmkgLSBOZXdVc2VyMB4XDTE2MDUxMTAzMTM0M1oXDTE3MDUxMTAzMTM0M1owJDEiMCAGA1UEAxMZQW5oZW1iaSBNb3J1bWJpIC0gTmV3VXNlcjCCASIwDQYJKoZIhvcNAQEBBQADggEPADCCAQoCggEBAKPrK7-QF2m7Jro3jyGtSTNZdIuxsW6l-Mo_3r-j2xB0rsq3tTWpYkzoNLPWTvja-M8wu9aa1UDvXW6pIohr4KgVOS5DLmaWcdAIwyLsb7elx8eBqRIL3TxkCg72626NQx50ERhoO6oAzE7Fw5lSe-Gka2BLi9_TecUEo4Kdsrs7HWO5ILGTpjadsNsD1_IAygwOPXukzvl2i2LP7nlU_WRLpTPCl7-A_pCIB-hNqbSeO2arIhjVUmPw7Ao2spHMPdWURQwSiCWxlHhoLXlabHeru0VWqsDxqIeqAkELNhYP0s6YPiYwgKoSe7jA90D9OWQgmmeT_09UGBIp7dKjwHkCAwEAATANBgkqhkiG9w0BAQUFAAOCAQEAdjhNO4z6kAf_D_o60RYU0mzAVFKmA-LLQzSbMvdGCPqsB0_wCsmTA-5fnka24XqhM0LjGzfNMaKJP1lGd9ZSXqQNtaelX_kRq6xI7UOU4OBoCCnKRLQxV7Rpu-SsyIMnyOL1PJbjYVqjDPTt1ImYTr3AtTiO7ZBt7qh-qWMnNUxZqg8n1NEZyoP0VtDVnglf7VvoaDWJrtB11_N-Mxeu5cUBa8Ugx-4RM3E6CsBuYOUzSffiX-Ee1ozuYIoKO4Zh0WqThra3_sYUWFXSwSTFdveS6xIlzeVT5hUlyVZvuifK6xydQnkaydHc0q2l6JpvMu4TWl8KVu9AW16T1oIOKHQABVguNTA5'),(10,'New','rO0ABXNyAC1qYXZhLnNlY3VyaXR5LmNlcnQuQ2VydGlmaWNhdGUkQ2VydGlmaWNhdGVSZXCJJ2qdya48DAIAAlsABGRhdGF0AAJbQkwABHR5cGV0ABJMamF2YS9sYW5nL1N0cmluZzt4cHVyAAJbQqzzF_gGCFTgAgAAeHAAAALAMIICvDCCAaSgAwIBAgIEL60h7DANBgkqhkiG9w0BAQUFADAgMR4wHAYDVQQDExVBbmhlbWJpIE1vcnVtYmkgLSBOZXcwHhcNMTYwNTExMDMxNDE4WhcNMTcwNTExMDMxNDE4WjAgMR4wHAYDVQQDExVBbmhlbWJpIE1vcnVtYmkgLSBOZXcwggEiMA0GCSqGSIb3DQEBAQUAA4IBDwAwggEKAoIBAQCG2Ps9a2BpaUlXd7aYMR7xkU-5Hwrsm5k8b3vy2xAZfzXMwNO0g9Ku-LvLDiLqiJh__ES7b9IPJACENi2jfHpUIyXOxxWvlsk7daneDatRrsrQZfM52raLCobmmEHW6hastbN6NJtMSrrFkMdMSVhpNjLGV-zzCoB6kkfjz6x-AvxZJ4c73z72K_s9JYXkLLidQ-V4YmCEHtBh31Tjw1vMxfcuaKI2WMa9j3uNoq_MM27-I3bdZP_Y8p3AcQd8mzi-Q3SQjEMl5n5J1O4yr5ijyfMj0iGpyi7H0J0AzAdEAMoNiUW9AclOE1Y-Jvm3fdvSQSVpXhuiDog56chgUwRBAgMBAAEwDQYJKoZIhvcNAQEFBQADggEBAE47XN221WxY1U3Sd75wpPRcRW3m0-iVTCbDH_gpiTAZwN_SYm8Dn60lsyDywkcGdGnaM2dgWCRwTih4AUPUiPich7Aufw2cld7YN3VILC3SLv0XkqwyjlubPwa6v0mgjH9P6Mt8vnQoKEnP0jv78ove8cyCBKkXjlfBXq4ji8oP8zp8c2bFT0d0DgghRbF6wjgrdeNL3E48VhIeuan86bbHBWgOAVmbDjhDIijW65157M_SHY1QQDzMhMvT5A3VTZYt18q0cXXa1wmZvKQVD4o6GTr3jQ1n4osEkDiBe5LP_gEKqK_LCSzwCtRev_9xZF5YC3Sv0qHlBwO2TMOF7Kp0AAVYLjUwOQ==');
/*!40000 ALTER TABLE `tb_usuarios` ENABLE KEYS */;
UNLOCK TABLES;

--
-- Table structure for table `tb_usuarios_has_tb_grupos`
--

DROP TABLE IF EXISTS `tb_usuarios_has_tb_grupos`;
/*!40101 SET @saved_cs_client     = @@character_set_client */;
/*!40101 SET character_set_client = utf8 */;
CREATE TABLE `tb_usuarios_has_tb_grupos` (
  `TB_USUARIOS_ID_USUARIO` int(11) NOT NULL,
  `TB_GRUPOS_ID_GRUPO` int(11) NOT NULL,
  PRIMARY KEY (`TB_USUARIOS_ID_USUARIO`,`TB_GRUPOS_ID_GRUPO`),
  KEY `fk_TB_USUARIOS_has_TB_GRUPOS_TB_GRUPOS1_idx` (`TB_GRUPOS_ID_GRUPO`),
  KEY `fk_TB_USUARIOS_has_TB_GRUPOS_TB_USUARIOS1_idx` (`TB_USUARIOS_ID_USUARIO`),
  CONSTRAINT `fk_TB_USUARIOS_has_TB_GRUPOS_TB_GRUPOS1` FOREIGN KEY (`TB_GRUPOS_ID_GRUPO`) REFERENCES `tb_grupos` (`ID_GRUPO`) ON DELETE NO ACTION ON UPDATE NO ACTION,
  CONSTRAINT `fk_TB_USUARIOS_has_TB_GRUPOS_TB_USUARIOS1` FOREIGN KEY (`TB_USUARIOS_ID_USUARIO`) REFERENCES `tb_usuarios` (`ID_USUARIO`) ON DELETE NO ACTION ON UPDATE NO ACTION
) ENGINE=InnoDB DEFAULT CHARSET=utf8;
/*!40101 SET character_set_client = @saved_cs_client */;

--
-- Dumping data for table `tb_usuarios_has_tb_grupos`
--

LOCK TABLES `tb_usuarios_has_tb_grupos` WRITE;
/*!40000 ALTER TABLE `tb_usuarios_has_tb_grupos` DISABLE KEYS */;
INSERT INTO `tb_usuarios_has_tb_grupos` VALUES (1,1),(2,1),(3,1),(4,1),(5,1),(6,1),(7,1),(8,1),(9,1),(10,1);
/*!40000 ALTER TABLE `tb_usuarios_has_tb_grupos` ENABLE KEYS */;
UNLOCK TABLES;

--
-- Dumping events for database 'tccanhembi'
--

--
-- Dumping routines for database 'tccanhembi'
--
/*!40103 SET TIME_ZONE=@OLD_TIME_ZONE */;

/*!40101 SET SQL_MODE=@OLD_SQL_MODE */;
/*!40014 SET FOREIGN_KEY_CHECKS=@OLD_FOREIGN_KEY_CHECKS */;
/*!40014 SET UNIQUE_CHECKS=@OLD_UNIQUE_CHECKS */;
/*!40101 SET CHARACTER_SET_CLIENT=@OLD_CHARACTER_SET_CLIENT */;
/*!40101 SET CHARACTER_SET_RESULTS=@OLD_CHARACTER_SET_RESULTS */;
/*!40101 SET COLLATION_CONNECTION=@OLD_COLLATION_CONNECTION */;
/*!40111 SET SQL_NOTES=@OLD_SQL_NOTES */;

-- Dump completed on 2016-05-11 21:11:12
